bin,count,feature_min,feature_max,feature_mean,target_mean,target_std
"(-0.001, 6.4]",8342,0.0,6.4,3.491530807959722,6.849388635818748,8.974198398069227
"(6.4, 10.0]",29189,7.0,10.0,9.66021103840488,13.174473260474837,8.244409674067933
"(10.0, 11.3]",2732,11.0,11.3,11.297693997071743,19.93210102489019,8.199526532046338
"(11.3, 16.1]",33958,12.0,16.1,15.905050356322517,17.323917780788033,10.814880087073156
"(16.1, 88.5]",5092,17.0,88.5,29.797643362136686,13.080911233307148,7.5788614287537746
