feature,n_valid,pearson,spearman
VisM,79313,0.1552198205970844,0.26032708826379247
