feature,n_valid,pearson,spearman
VisI,79313,0.1543882329967943,0.25892572801001035
