group,count,mean,std,min,p10,median,p90,max
feature_observed,79313,14.5125691879011,10.046155963558741,-27.2,1.0,15.0,27.0,50.0
feature_missing,15155,11.938752886836028,9.287367728030556,-18.0,-0.1,12.2,24.0,38.0
