bin,count,feature_min,feature_max,feature_mean,target_mean,target_std
"(-0.001, 4.0]",8423,0.0,4.0,2.185064703787249,6.877905734298944,8.966668391301042
"(4.0, 6.2]",29108,4.3,6.2,5.9934622784114335,13.183822316888827,8.244219138624073
"(6.2, 7.0]",2839,7.0,7.0,7.0,19.513737231419515,8.410108859263136
"(7.0, 10.0]",33851,8.0,10.0,9.884966470709875,17.350760686538063,10.815345911071883
"(10.0, 55.0]",5092,11.0,55.0,18.544579732914375,13.080911233307148,7.5788614287537746
