{
  "seed": 42,
  "source_csv": "data/processed/skyfinder_selected.csv",
  "feature_config": "configs/skyfinder_feature_config.yaml",
  "target_column": "TempM",
  "group_column": "CamId",
  "split_type": "camera_disjoint_stratified_37_8_8",
  "counts": {
    "train": 37,
    "val": 8,
    "test": 8
  },
  "train_cameras": [
    "10066",
    "10870",
    "1093",
    "11160",
    "162",
    "17244",
    "19834",
    "204",
    "21444",
    "21510",
    "21511",
    "24325",
    "3297",
    "3395",
    "3396",
    "3837",
    "3888",
    "4181",
    "4232",
    "4584",
    "4801",
    "5020",
    "5021",
    "623",
    "684",
    "7211",
    "7233",
    "7371",
    "75",
    "8438",
    "858",
    "861",
    "8733",
    "9112",
    "9291",
    "9483",
    "9708"
  ],
  "val_cameras": [
    "18590",
    "19106",
    "22788",
    "4679",
    "4795",
    "6798",
    "8887",
    "8953"
  ],
  "test_cameras": [
    "10917",
    "11331",
    "17218",
    "19306",
    "19388",
    "260",
    "65",
    "9730"
  ],
  "summary": {
    "overall": {
      "num_cameras": 53,
      "num_samples": 94468,
      "temp_mean_mean": 14.064021108602898,
      "temp_mean_std": 6.031575725577316,
      "temp_min_min": -27.2,
      "temp_max_max": 50.0,
      "cold_ratio_mean": 0.09488343039859189,
      "hot_ratio_mean": 0.047173980051687464,
      "n_samples_mean": 1782.4150943396226,
      "n_samples_std": 958.013263270582,
      "latitude_mean": 38.271439775094336,
      "latitude_std": 19.502102870058707,
      "longitude_mean": -42.97086579062264,
      "longitude_std": 53.418614200728136,
      "month_span_mean": 10.30188679245283
    },
    "train": {
      "num_cameras": 37,
      "num_samples": 63229,
      "temp_mean_mean": 14.68961005542755,
      "temp_mean_std": 6.023204434927661,
      "temp_min_min": -27.2,
      "temp_max_max": 50.0,
      "cold_ratio_mean": 0.08538055194288792,
      "hot_ratio_mean": 0.052433497927703,
      "n_samples_mean": 1708.8918918918919,
      "n_samples_std": 930.1610957185387,
      "latitude_mean": 37.58634844459459,
      "latitude_std": 18.815670959559174,
      "longitude_mean": -47.56673260932432,
      "longitude_std": 55.183505324560066,
      "month_span_mean": 10.108108108108109
    },
    "val": {
      "num_cameras": 8,
      "num_samples": 13372,
      "temp_mean_mean": 11.963190488498373,
      "temp_mean_std": 6.156457393126113,
      "temp_min_min": -11.7,
      "temp_max_max": 40.6,
      "cold_ratio_mean": 0.12289679887911495,
      "hot_ratio_mean": 0.009032594282301024,
      "n_samples_mean": 1671.5,
      "n_samples_std": 1020.7573168976062,
      "latitude_mean": 45.4332528625,
      "latitude_std": 9.12418598555394,
      "longitude_mean": -15.7192571225,
      "longitude_std": 37.07773927788012,
      "month_span_mean": 9.875
    },
    "test": {
      "num_cameras": 8,
      "num_samples": 17867,
      "temp_mean_mean": 13.271502849643385,
      "temp_mean_std": 5.3360050446666385,
      "temp_min_min": -22.7,
      "temp_max_max": 44.0,
      "cold_ratio_mean": 0.11082087477569974,
      "hot_ratio_mean": 0.06099009564450195,
      "n_samples_mean": 2233.375,
      "n_samples_std": 892.2963265502106,
      "latitude_mean": 34.27817409125,
      "latitude_std": 27.012109153143708,
      "longitude_mean": -48.96659042224999,
      "longitude_std": 50.69094441006657,
      "month_span_mean": 11.625
    }
  },
  "notes": [
    "Camera-level split with no CamId overlap between train/val/test.",
    "Split built by coarse stratification on camera-level temp_mean, n_samples, and Latitude (if available).",
    "Intended for fixed, repeatable cross-camera generalization experiments."
  ]
}